Date,Total Executions,Successful Executions,Zero-Error Chains,Avg Chain Length,Avg Confidence,System Uptime (%),Cost per Task,Alert Level,Action Items
2024-11-20,150,145,12,8.5,0.89,99.2%,0.025,Green,Monitor RF_003 effectiveness
2024-11-21,230,220,18,12.3,0.91,98.8%,0.023,Green,none
2024-11-22,310,295,25,15.7,0.88,97.5%,0.028,Yellow,Investigate uptime drop
2024-11-23,180,175,15,9.2,0.92,99.9%,0.021,Green,Confidence improving
2024-11-24,95,92,8,6.1,0.87,99.5%,0.024,Green,In progress - morning only
2024-11-19,120,115,10,7.2,0.86,98.9%,0.027,Yellow,Initial deployment issues
2024-11-18,85,78,6,5.8,0.83,96.2%,0.031,Red,System stability problems
2024-11-17,45,41,3,4.1,0.81,94.5%,0.035,Red,Early testing phase
2024-11-16,25,22,1,3.2,0.79,92.1%,0.042,Red,Development testing
2024-11-15,12,10,0,2.5,0.75,89.3%,0.048,Red,Initial system tests